時点,総数,要支援,要支援1,要支援2,要介護1,要介護2,要介護3,要介護4,要介護5
3/31/2002,4142,508,…,…,1089,901,595,553,496
3/31/2003,5004,737,…,…,1432,1003,686,607,539
3/31/2004,5743,848,…,…,1829,913,731,735,687
3/31/2005,6258,998,…,…,2043,928,778,780,731
3/31/2006,6690,1087,…,…,2181,1035,809,813,765
3/31/2007,6674,…,755,797,1191,1285,966,863,817
3/31/2008,6871,…,722,907,1092,1342,1053,931,824
3/31/2009,7134,…,809,882,1203,1328,1080,974,858
3/31/2010,7435,…,916,851,1426,1330,1009,960,943
3/31/2011,7876,…,1115,841,1694,1272,948,951,1055
3/31/2012,8303,…,1152,908,1805,1387,1003,985,1063
3/31/2013,8799,…,1290,988,1991,1403,1082,987,1058
3/31/2014,9288,…,1356,1142,2035,1522,1123,1077,1033
3/31/2015,9689,…,1414,1113,2291,1578,1141,1086,1066
3/31/2016,10015,…,1391,1103,2511,1564,1224,1131,1091
3/31/2017,10390,…,1420,1126,2535,1649,1305,1219,1136
3/31/2018,10759,…,1394,1159,2596,1756,1344,1349,1161
3/31/2019,11185,…,1679,1322,2673,1690,1371,1323,1127
3/31/2020,11288,…,1772,1604,2351,1690,1362,1422,1087
3/31/2021,11339,…,1826,1673,2336,1654,1402,1443,1005
3/31/2022,11445,…,1907,1649,2390,1688,1352,1490,969
3/31/2023,11504,…,1767,1684,2400,1685,1415,1539,1014
3/31/2024,11782,…,1809,1821,2400,1737,1459,1550,1006
3/31/2025,12013,…,1988,1890,2485,1819,1391,1516,924
3/31/2026,12418,…,2050,1969,2504,1920,1377,1587,1011
1/0/1900,0,0,0,0,0,0,0,0,0
1/0/1900,0,0,0,0,0,0,0,0,0
1/0/1900,0,0,0,0,0,0,0,0,0
1/0/1900,0,0,0,0,0,0,0,0,0
1/0/1900,0,0,0,0,0,0,0,0,0
1/0/1900,0,0,0,0,0,0,0,0,0
1/0/1900,0,0,0,0,0,0,0,0,0
1/0/1900,0,0,0,0,0,0,0,0,0
1/0/1900,0,0,0,0,0,0,0,0,0
1/0/1900,0,0,0,0,0,0,0,0,0
1/0/1900,0,0,0,0,0,0,0,0,0
1/0/1900,0,0,0,0,0,0,0,0,0
1/0/1900,0,0,0,0,0,0,0,0,0
1/0/1900,0,0,0,0,0,0,0,0,0
1/0/1900,0,0,0,0,0,0,0,0,0
,,,,,,,,,
,,,,,,,,,
,,,,,,,,,
