éûì_,îÌï€åØé“êî,ëÊ1çÜîÌï€åØé“,ëÊ2çÜîÌï€åØé“(îFíËé“),
3/31/2002,33999,33786,213,
3/31/2003,35424,35206,218,
3/31/2004,36586,36337,249,
3/31/2005,37956,37728,228,
3/31/2006,39594,39359,235,
3/31/2007,41106,40883,223,
3/31/2008,42604,42361,243,
3/31/2009,44332,44084,248,
3/31/2010,45597,45339,258,
3/31/2011,46327,46064,263,
3/31/2012,47624,47353,271,
3/31/2013,49589,49329,260,
3/31/2014,51416,51147,269,
3/31/2015,53197,52938,259,
3/31/2016,54542,54264,278,
3/31/2017,55598,55317,281,
3/31/2018,56402,56125,277,
3/31/2019,57030,56765,265,
3/31/2020,57698,57445,253,
3/31/2021,58188,57922,266,
3/31/2022,58474,58204,270,
3/31/2023,58784,58516,268,
3/31/2024,59232,58958,274,
3/31/2025,59537,59252,285,
3/31/2026,60328,60007,321,
1/0/1900,0,0,0,
1/0/1900,0,0,0,
1/0/1900,0,0,0,
1/0/1900,0,0,0,
1/0/1900,0,0,0,
1/0/1900,0,0,0,
1/0/1900,0,0,0,
1/0/1900,0,0,0,
1/0/1900,0,0,0,
1/0/1900,0,0,0,
1/0/1900,0,0,0,
1/0/1900,0,0,0,
1/0/1900,0,0,0,
1/0/1900,0,0,0,
1/0/1900,0,0,0,
,,,,
