保育園別定員、保育の実施児童数と職員数の推移,,,,,,,,,,,,,,,,,,,,,,,,,,,,,,,,,,,,,,,,,,,,,,,,,,,,,,,,,,,,,,,,,,,,,,,,,,,,,,,,,,,,,,,,,,,,,,,,,,,,,,
,,,,,,,,,,,,,,,,,,,,,,,,,,,,,,,,,,,,,,,,,,,,,,,,,,,,,,,,,,,,,,,,,,,,,,,,,,,,,,,,,,,,,,,,,,,,,,,,,,,,,,
保育園名,2016年定員の総数（人）,2016年3歳未満の定員（人）,2016年3歳以上の定員（人）,2016年保育の実施児童数の総数（人）,2016年保育の実施児童数の総数のうち市内受託児童数（人）,2016年3歳未満の保育の実施児童数（人）,2016年3歳未満の保育の実施児童数のうち市内受託児童数（人）,2016年3歳の保育の実施児童数（人）,2016年3歳の保育の実施児童数のうち市内受託児童数（人）,2016年4歳以上の保育の実施児童数（人）,2016年4歳以上の保育の実施児童数のうち市内受託児童数（人）,2016年職員数（人）,2016年建物延面積（平方メートル）,2017年定員の総数（人）,2017年3歳未満の定員（人）,2017年3歳以上の定員（人）,2017年保育の実施児童数の総数（人）,2017年保育の実施児童数の総数のうち市内受託児童数（人）,2017年3歳未満の保育の実施児童数（人）,2017年3歳未満の保育の実施児童数のうち市内受託児童数（人）,2017年3歳の保育の実施児童数（人）,2017年3歳の保育の実施児童数のうち市内受託児童数（人）,2017年4歳以上の保育の実施児童数（人）,2017年4歳以上の保育の実施児童数のうち市内受託児童数（人）,2017年職員数（人）,2017年建物延面積（平方メートル）,2018年定員の総数（人）,2018年3歳未満の定員（人）,2018年3歳以上の定員（人）,2018年保育の実施児童数の総数（人）,2018年保育の実施児童数の総数のうち市内受託児童数（人）,2018年3歳未満の保育の実施児童数（人）,2018年3歳未満の保育の実施児童数のうち市内受託児童数（人）,2018年3歳の保育の実施児童数（人）,2018年3歳の保育の実施児童数のうち市内受託児童数（人）,2018年4歳以上の保育の実施児童数（人）,2018年4歳以上の保育の実施児童数のうち市内受託児童数（人）,2018年職員数（人）,2018年建物延面積（平方メートル）,2019年定員の総数（人）,2019年3歳未満の定員（人）,2019年3歳以上の定員（人）,2019年保育の実施児童数の総数（人）,2019年保育の実施児童数の総数のうち市内受託児童数（人）,2019年3歳未満の保育の実施児童数（人）,2019年3歳未満の保育の実施児童数のうち市内受託児童数（人）,2019年3歳の保育の実施児童数（人）,2019年3歳の保育の実施児童数のうち市内受託児童数（人）,2019年4歳以上の保育の実施児童数（人）,2019年4歳以上の保育の実施児童数のうち市内受託児童数（人）,2019年職員数（人）,2019年建物延面積（平方メートル）,2020年定員の総数（人）,2020年3歳未満の定員（人）,2020年3歳以上の定員（人）,2020年保育の実施児童数の総数（人）,2020年保育の実施児童数の総数のうち市内受託児童数（人）,2020年3歳未満の保育の実施児童数（人）,2020年3歳未満の保育の実施児童数のうち市内受託児童数（人）,2020年3歳の保育の実施児童数（人）,2020年3歳の保育の実施児童数のうち市内受託児童数（人）,2020年4歳以上の保育の実施児童数（人）,2020年4歳以上の保育の実施児童数のうち市内受託児童数（人）,2020年職員数（人）,2020年建物延面積（平方メートル）,2021年定員の総数（人）,2021年3歳未満の定員（人）,2021年3歳以上の定員（人）,2021年保育の実施児童数の総数（人）,2021年保育の実施児童数の総数のうち市内受託児童数（人）,2021年3歳未満の保育の実施児童数（人）,2021年3歳未満の保育の実施児童数のうち市内受託児童数（人）,2021年3歳の保育の実施児童数（人）,2021年3歳の保育の実施児童数のうち市内受託児童数（人）,2021年4歳以上の保育の実施児童数（人）,2021年4歳以上の保育の実施児童数のうち市内受託児童数（人）,2021年職員数（人）,2021年建物延面積（平方メートル）,2022年定員の総数（人）,2022年3歳未満の定員（人）,2022年3歳以上の定員（人）,2022年保育の実施児童数の総数（人）,2022年保育の実施児童数の総数のうち市内受託児童数（人）,2022年3歳未満の保育の実施児童数（人）,2022年3歳未満の保育の実施児童数のうち市内受託児童数（人）,2022年3歳の保育の実施児童数（人）,2022年3歳の保育の実施児童数のうち市内受託児童数（人）,2022年4歳以上の保育の実施児童数（人）,2022年4歳以上の保育の実施児童数のうち市内受託児童数（人）,2022年職員数（人）,2023年定員の総数（人）,2023年3歳未満の定員（人）,2023年3歳以上の定員（人）,2023年保育の実施児童数の総数（人）,2023年保育の実施児童数の総数のうち市内受託児童数（人）,2023年3歳未満の保育の実施児童数（人）,2023年3歳未満の保育の実施児童数のうち市内受託児童数（人）,2023年3歳の保育の実施児童数（人）,2023年3歳の保育の実施児童数のうち市内受託児童数（人）,2023年4歳以上の保育の実施児童数（人）,2023年4歳以上の保育の実施児童数のうち市内受託児童数（人）,2023年職員数（人）
全園,"3,377","1,347","2,030","3,414",41,"1,397",11,674,5,"1,343",25,696,"26,848","3,496","1,409","2,087","3,551",0,"1,482",0,701,0,"1,368",0,725,"28,132","3,826","1,564","2,262","3,707",48,"1,594",13,707,9,"1,406",26,785,"30,020","3,794","1,564","2,230","3,798",49,"1,608",12,749,0,"1,441",25,782,"30,020","3,794","1,564","2,230","3,793",59,"1,590",15,724,15,"1,479",29,800,"30,020","3,823","1,591","2,232","3,738",55,"1,558",12,712,12,"1,468",31,792,"30,020","3,852","1,595","2,257","3,728",56,"1,564",11,736,14,"1,428",31,768,"3,853","1,596","2,257","3,617",57,"1,493",16,689,11,"1,435",30,705
市立全園,762,306,456,758,10,305,1,152,2,301,7,153,"5,669",762,306,456,750,7,306,1,149,1,295,5,153,"5,669",681,273,408,676,5,273,2,137,1,266,2,135,"4,974",681,273,408,670,4,272,1,136,0,262,3,134,"4,974",605,245,360,602,6,245,1,118,1,239,4,120,"4,371",605,245,360,597,3,243,1,117,0,237,2,120,"4,371",606,245,360,595,5,243,1,119,2,233,2,121,606,246,360,582,6,235,3,111,1,236,2,121
羽衣,86,38,48,86,2,38,0,17,1,31,1,18,656,86,38,48,86,2,38,0,16,0,32,2,18,656,86,38,48,86,2,38,1,16,0,32,1,18,656,86,38,48,85,0,37,0,16,0,32,0,18,656,86,38,48,86,0,38,0,16,0,32,0,19,656,86,38,48,86,2,38,1,16,0,32,1,19,656,86,38,48,80,2,38,0,15,1,27,1,19,86,38,48,85,2,38,0,16,1,31,1,19
高松,81,33,48,80,0,33,0,16,0,31,0,18,379,81,33,48,79,0,32,0,16,0,31,0,18,379,81,33,48,79,0,33,0,14,0,32,0,18,379,81,33,48,81,0,33,0,16,0,32,0,18,379,81,33,48,79,0,33,0,15,0,31,0,18,379,81,33,48,79,0,33,0,16,0,30,0,18,379,81,33,48,80,0,33,0,16,0,31,0,18,81,33,48,80,0,33,0,16,0,31,0,18
上砂,121,49,72,121,3,49,0,24,1,48,2,22,958,121,49,72,122,1,50,0,24,0,48,1,22,958,121,49,72,120,1,50,0,26,0,44,1,22,958,121,49,72,117,0,49,0,24,0,44,0,22,958,121,49,72,121,1,49,0,24,0,48,1,22,958,121,49,72,120,0,49,0,23,0,48,0,22,958,122,50,72,119,1,47,0,24,1,48,0,22,122,50,72,109,1,43,1,18,0,48,0,22
中砂,118,46,72,117,0,45,0,24,0,48,0,22,941,118,46,72,117,2,46,1,24,1,47,0,22,941,118,46,72,118,0,46,0,23,0,49,0,22,941,118,46,72,115,0,46,0,24,0,45,0,22,941,118,46,72,119,1,46,0,24,0,49,1,22,941,118,46,72,116,0,45,0,24,0,47,0,22,941,118,46,72,118,1,46,1,24,0,48,0,22,118,46,72,118,2,46,1,24,0,48,1,22
柴崎,76,28,48,76,1,28,0,16,0,32,1,16,603,76,28,48,75,1,28,0,16,0,31,1,16,603,76,28,48,75,1,28,1,16,0,31,0,16,603,76,28,48,75,3,28,1,16,0,31,2,16,603,-,-,-,-,-,-,-,-,-,-,-,-,-,-,-,-,-,-,-,-,-,-,-,-,-,-,-,-,-,-,-,-,-,-,-,-,-,-,-,-,-,-,-,-,-,-,-,-,-,-
柏,119,47,72,118,4,47,1,24,0,47,3,21,758,119,47,72,112,1,47,0,20,0,45,1,21,758,119,47,72,119,1,47,0,26,1,46,0,21,758,119,47,72,117,1,47,0,24,0,46,1,21,758,119,47,72,118,3,47,1,23,1,48,1,22,758,119,47,72,118,1,46,0,24,0,48,1,22,758,119,47,72,119,1,47,0,24,0,48,1,22,119,47,72,115,0,47,0,21,0,47,0,22
西立川,80,32,48,80,0,32,0,15,0,33,0,18,679,80,32,48,79,0,32,0,16,0,31,0,18,679,80,32,48,79,0,31,0,16,0,32,0,18,679,80,32,48,80,0,32,0,16,0,32,0,17,679,80,32,48,79,1,32,0,16,0,31,1,17,679,80,32,48,78,0,32,0,14,0,32,0,17,679,80,32,48,79,0,32,0,16,0,31,0,18,80,32,48,75,1,28,1,16,0,31,0,18
栄,81,33,48,80,0,33,0,16,0,31,0,18,695,81,33,48,80,0,33,0,17,0,30,0,18,695,-,-,-,-,-,-,-,-,-,-,-,-,-,-,-,-,-,-,-,-,-,-,-,-,-,-,-,-,-,-,-,-,-,-,-,-,-,-,-,-,-,-,-,-,-,-,-,-,-,-,-,-,-,-,-,-,-,-,-,-,-,-,-,-,-,-,-,-,-,-,-,-,-,-,-,-
私立全園,"2,615","1,041","1,574","2,656",31,"1,092",10,522,3,"1,042",18,543,"21,179","2,734","1,103","1,631","2,801",26,"1,176",7,552,6,"1,073",14,0,"22,463","3,145","1,291","1,854","3,031",43,"1,321",11,570,8,"1,140",24,650,"25,046","3,113","1,291","1,822","3,128",45,"1,336",11,613,12,"1,179",22,648,"25,046","3,189","1,319","1,870","3,191",53,"1,345",14,606,14,"1,240",25,680,"25,649","3,218","1,346","1,872","3,141",52,"1,315",11,595,12,"1,231",29,672,"25,649","3,247","1,350","1,897","3,133",51,"1,321",10,617,12,"1,195",29,647,"3,247",1350,1897,3035,51,1258,13,578,10,1199,28,584
冨士見 ,200,86,114,218,2,91,1,46,1,81,0,31,"1,173",200,86,114,219,2,90,0,46,1,83,1,0,"1,173",200,86,114,211,1,86,0,40,0,85,1,31,"1,173",200,86,114,206,2,85,1,40,1,81,0,31,"1,173",200,86,114,204,3,85,3,41,0,78,0,30,"1,173",200,86,114,200,1,84,0,38,1,78,0,30,"1,173",200,86,114,191,1,77,1,40,0,74,0,33,200,86,114,193,3,80,1,38,0,75,2,27
諏訪の森,101,41,60,114,1,49,0,19,0,46,1,24,"1,121",101,41,60,112,0,49,0,22,0,41,0,0,"1,121",101,41,60,115,0,50,0,22,0,43,0,23,"1,121",101,41,60,114,0,50,0,20,0,44,0,23,"1,121",101,41,60,110,0,50,0,20,0,40,0,22,"1,121",101,41,60,110,1,50,0,20,0,40,1,21,"1,121",101,41,60,107,0,48,0,19,0,40,0,21,101,41,60,110,4,50,0,20,3,40,1,19
愛光,150,58,92,140,0,55,0,26,0,59,0,29,920,150,58,92,148,0,56,0,31,0,61,0,0,920,150,58,92,144,0,58,0,27,0,59,0,30,920,150,58,92,148,0,57,0,30,0,61,0,32,920,150,58,92,147,0,56,0,30,0,61,0,30,920,150,58,92,140,1,54,1,30,0,56,0,30,920,150,58,92,140,0,52,0,30,0,58,0,25,150,58,92,145,0,57,0,28,0,60,0,23
西国立 注2,80,34,46,76,2,29,0,16,0,31,2,25,618,80,34,46,75,1,30,0,15,0,30,1,0,618,80,34,46,74,0,28,0,15,0,31,0,22,618,80,34,46,72,1,28,1,15,0,29,0,27,618,80,34,46,73,0,29,0,13,0,31,0,27,618,80,34,46,70,0,26,0,14,0,30,0,28,618,80,34,46,68,1,28,0,14,0,26,1,24,80,34,46,65,0,27,0,14,0,24,0,21
至誠,120,58,62,139,3,58,0,28,0,53,3,28,"1,865",120,58,62,139,2,59,0,28,0,52,2,0,"1,865",120,58,62,132,0,52,0,24,0,56,0,26,"1,865",120,58,62,129,0,53,0,23,0,53,0,25,"1,865",120,58,62,130,2,57,0,23,1,50,1,23,"1,865",120,58,62,128,3,55,0,25,1,48,2,23,"1,865",120,58,62,127,3,57,0,25,1,45,2,23,120,58,62,122,2,52,0,26,0,44,2,21
けやき台さくら,120,40,80,139,4,61,0,26,0,52,4,23,876,132,53,79,138,1,60,0,26,0,52,1,0,"1,134",132,53,79,138,4,59,0,26,1,53,3,21,"1,134",132,53,79,138,3,58,0,28,0,52,3,28,"1,134",132,53,79,138,4,58,2,27,0,53,2,26,"1,134",132,53,79,139,4,59,3,25,0,55,1,25,"1,134",132,53,79,139,5,60,1,26,4,53,0,22,132,53,79,134,7,57,1,23,2,54,4,20
玉川,110,38,72,110,0,38,0,27,0,45,0,20,886,110,38,72,106,0,40,0,20,0,46,0,0,886,110,38,72,99,0,35,0,18,0,46,0,21,886,110,38,72,103,3,37,1,24,2,42,0,19,886,110,38,72,100,4,38,1,16,0,46,3,19,886,110,48,62,97,7,39,2,18,1,40,4,18,886,110,38,72,96,3,41,1,20,0,35,2,20,110,38,72,77,2,29,0,11,1,37,1,18
れんげ砂川,170,48,122,148,3,50,0,30,0,68,3,30,861,170,48,122,139,2,50,0,29,1,60,1,0,861,170,48,122,133,3,49,1,26,0,58,2,28,861,138,48,90,134,3,50,0,28,0,56,3,27,861,138,48,90,132,7,47,2,27,4,58,1,25,861,138,48,90,129,9,49,2,28,2,52,5,26,861,138,48,90,121,11,40,1,28,2,53,8,20,138,48,90,106,6,35,0,17,1,54,5,18
あおば,140,58,82,158,0,68,0,30,0,60,0,27,"1,507",140,58,82,157,1,67,0,30,0,60,1,0,"1,507",140,58,82,158,2,68,1,30,0,60,1,28,"1,507",140,58,82,157,2,67,1,30,1,60,0,30,"1,507",140,58,82,155,2,65,1,30,0,60,1,26,"1,507",140,58,82,150,3,62,0,29,1,59,2,22,"1,507",140,58,82,148,6,61,2,27,0,60,4,27,140,58,82,149,6,64,2,29,2,56,2,23
松中,120,42,78,124,1,52,1,25,0,47,0,23,707,120,42,78,127,1,53,0,25,1,49,0,0,707,120,42,78,118,0,49,0,25,0,44,0,25,707,120,42,78,119,0,47,0,26,0,46,0,25,707,120,42,78,115,1,44,0,22,1,49,0,27,707,120,42,78,105,4,45,0,14,1,46,3,27,707,120,42,78,100,1,42,0,23,0,35,1,23,120,42,78,95,1,35,0,22,0,38,1,21
あおば第二,111,31,80,102,3,28,1,22,0,52,2,19,784,111,31,80,119,2,42,0,26,1,51,1,0,784,111,31,80,116,1,39,0,23,0,54,1,17,784,111,31,80,112,2,39,0,20,0,53,2,16,784,111,31,80,110,1,34,0,24,0,52,1,17,784,111,31,80,96,0,25,0,20,0,51,0,15,784,111,31,80,98,0,28,0,20,0,50,0,18,111,31,80,94,0,30,0,16,0,48,0,18
たかのみち 注3,150,81,69,156,0,73,0,28,0,55,0,32,"1,486",160,75,85,157,1,73,0,28,0,56,1,0,"1,486",190,105,85,182,5,98,3,28,1,56,1,38,"2,180",190,105,85,187,3,101,1,30,2,56,0,39,"2,180",190,105,85,180,5,100,1,27,2,53,2,47,"2,180",190,105,85,172,3,89,1,28,0,55,2,42,"2,180",190,105,85,180,3,96,1,29,0,55,2,38,190,105,85,174,1,88,1,30,0,56,0,32
愛光第五　注4,110,48,62,105,0,45,0,19,0,41,0,24,728,110,48,62,107,0,48,0,19,0,40,0,0,728,149,63,86,134,0,62,0,26,0,46,0,30,823,149,63,86,145,0,63,0,28,0,54,0,27,823,149,63,86,137,0,59,0,28,0,50,0,28,823,149,63,86,135,1,54,0,26,1,55,0,30,823,149,63,86,130,1,52,0,26,1,52,0,22,149,63,86,114,2,38,1,24,0,52,1,22
小百合,100,38,62,103,2,45,1,20,1,38,0,21,700,100,38,62,104,3,44,2,20,0,40,1,0,700,100,38,62,105,2,45,0,20,1,40,1,21,700,100,38,62,106,3,45,2,21,0,40,1,18,700,100,38,62,102,1,46,1,19,0,37,0,19,700,100,38,62,105,1,45,0,20,1,40,0,17,700,100,38,62,100,0,41,0,20,0,39,0,19,100,38,62,101,0,40,0,20,0,41,0,17
立川ひかり,91,34,57,90,0,32,0,18,0,40,0,13,901,91,34,57,93,1,34,1,19,0,40,0,0,901,91,34,57,91,2,34,1,19,0,38,1,15,901,91,34,57,91,2,34,0,19,1,38,1,15,901,91,34,57,91,2,34,0,19,0,38,2,14,901,91,34,57,88,1,34,0,17,0,37,1,14,901,91,34,57,91,3,34,0,19,1,38,2,13,91,34,57,89,4,33,1,19,0,37,3,9
立川たんぽぽ,65,30,35,73,1,31,1,14,0,28,0,22,607,65,30,35,69,0,30,0,13,0,26,0,0,607,65,30,35,68,1,30,0,14,1,24,0,21,607,65,30,35,67,1,29,0,13,0,25,1,21,607,65,30,35,60,1,24,0,12,0,24,1,19,607,65,30,35,55,0,23,0,11,0,21,0,18,607,65,30,35,55,0,17,0,14,0,24,0,19,65,30,35,50,2,17,1,7,0,26,1,17
愛光あけぼの,105,45,60,104,1,45,1,20,0,39,0,24,865,105,45,60,105,1,45,1,20,0,40,0,0,865,105,45,60,104,1,45,0,20,1,39,0,23,865,105,45,60,103,2,45,1,20,0,38,1,21,865,105,45,60,105,1,45,0,20,0,40,1,24,865,105,45,60,104,0,44,0,19,0,41,0,26,865,105,45,60,101,1,45,0,19,1,37,0,26,105,45,60,99,1,40,0,19,0,40,1,22
西砂,150,64,86,156,3,66,1,30,1,60,1,29,"1,162",150,64,86,154,5,65,1,30,1,59,3,0,"1,162",150,64,86,149,6,64,0,29,2,56,4,29,"1,162",150,64,86,154,4,66,1,28,0,60,3,31,"1,162",150,64,86,153,6,65,1,29,2,59,3,31,"1,162",150,64,86,148,1,63,0,28,1,57,0,29,"1,162",150,64,86,147,1,64,0,28,0,55,1,31,150,64,86,145,3,60,1,27,0,58,2,28
森の子,105,45,60,118,1,51,0,22,0,45,1,27,"1,134",105,45,60,118,2,52,1,22,0,44,1,0,"1,134",105,45,60,118,5,54,3,23,0,41,2,24,"1,134",105,45,60,124,4,54,0,24,4,46,0,25,"1,134",105,45,60,124,4,52,0,24,1,48,3,27,"1,134",105,45,60,126,4,54,0,24,0,48,4,25,"1,134",105,45,60,119,3,54,1,21,1,44,1,26,105,45,60,112,0,49,0,22,0,41,0,21
見影橋,118,46,72,123,2,51,1,24,0,48,1,25,765,150,64,86,151,1,65,1,29,0,57,0,0,765,150,64,86,153,2,65,1,30,0,58,1,32,765,150,64,86,153,1,65,0,31,1,57,0,33,765,150,64,86,155,2,67,0,28,1,60,1,34,765,150,64,86,156,2,67,0,30,0,59,2,32,765,150,64,86,154,1,66,0,30,0,58,1,29,150,64,86,154,2,63,1,31,0,60,1,31
西武立川きらり,42,12,30,30,0,12,0,5,0,13,0,8,297,30,12,18,29,0,11,0,6,0,12,0,0,297,30,12,18,25,0,12,0,3,0,10,0,9,297,30,12,18,29,0,12,0,7,0,10,0,8,297,30,12,18,31,0,12,0,6,0,13,0,10,297,30,12,18,30,0,12,0,5,0,13,0,9,297,30,12,18,29,0,12,0,6,0,11,0,9,30,12,18,28,0,10,0,6,0,12,0,7
江の島,88,31,57,80,1,28,1,18,0,34,0,20,824,89,31,58,101,0,43,0,22,0,36,0,0,"1,085",110,44,66,108,3,44,1,21,0,43,2,25,"1,085",110,44,66,107,2,41,1,22,0,44,1,24,"1,085",110,44,66,108,1,44,0,21,1,43,0,27,"1,085",110,44,66,107,2,43,1,22,0,42,1,27,"1,085",110,44,66,107,1,43,0,22,0,42,1,26,110,44,66,103,0,44,0,16,0,43,0,27
わんわん,69,33,36,50,1,34,1,9,0,7,0,19,392,69,33,36,67,0,33,0,13,1,21,0,0,392,69,33,36,66,1,33,0,11,0,22,1,19,392,69,33,36,64,1,32,0,11,0,21,1,19,392,69,33,36,67,0,31,0,12,0,24,0,18,392,69,33,36,61,0,29,0,9,0,23,0,18,392,69,33,36,63,0,30,0,11,0,22,0,19,69,33,36,61,0,28,0,12,0,21,0,16
ぽけっとランド立川,-,-,-,-,-,-,-,-,-,-,-,-,-,36,18,18,32,0,18,0,6,0,8,0,0,391,36,18,18,34,0,18,0,5,0,11,0,12,391,36,18,18,35,0,18,0,6,0,11,0,10,391,36,18,18,35,0,18,0,6,0,11,0,13,391,36,18,18,36,0,18,0,6,0,12,0,14,391,36,18,18,35,0,18,0,6,0,11,0,12,36,18,18,31,0,17,0,6,0,8,0,13
ほほえみの森,-,-,-,-,-,-,-,-,-,-,-,-,-,40,19,21,35,0,19,0,7,0,9,0,0,374,40,19,21,38,0,19,0,7,0,12,0,14,374,40,19,21,39,0,19,0,7,0,13,0,12,374,40,19,21,39,1,19,0,6,0,14,1,15,374,40,19,21,38,0,19,0,7,0,12,0,14,374,40,19,21,39,0,18,0,7,0,14,0,12,40,19,21,39,0,19,0,7,0,13,0,11
栄,-,-,-,-,-,-,-,-,-,-,-,-,-,-,-,-,-,-,-,-,-,-,-,-,-,-,81,33,48,79,0,32,0,16,0,31,0,22,695,81,33,48,82,0,34,0,15,0,33,0,21,695,81,33,48,85,1,35,1,16,0,34,0,16,695,110,50,60,106,1,47,0,24,1,35,0,23,695,110,50,60,112,1,54,0,18,0,40,1,22,110,50,60,112,1,,-,21,-,40,1,20
なすび,-,-,-,-,-,-,-,-,-,-,-,-,-,-,-,-,-,-,-,-,-,-,-,-,-,-,120,46,74,69,4,47,0,7,1,15,3,16,450,120,46,74,112,6,53,1,24,0,35,5,16,450,120,46,74,120,2,50,1,25,0,45,1,20,450,120,46,74,121,2,52,1,20,1,49,0,19,450,120,46,74,121,4,52,2,24,1,45,1,20,120,46,74,120,3,53,2,24,1,43,-,18
きらめきの森,-,-,-,-,-,-,-,-,-,-,-,-,-,-,-,-,-,-,-,-,-,-,-,-,-,-,80,35,45,45,0,31,0,7,0,7,0,17,301,80,35,45,62,0,36,0,15,0,11,0,17,301,80,35,45,71,2,36,0,13,1,22,1,20,301,80,35,45,74,1,30,0,15,0,29,1,18,301,80,35,45,79,1,34,0,15,0,30,1,14,80,35,45,77,0,32,-,15,-,30,-,15
愛光みどり,-,-,-,-,-,-,-,-,-,-,-,-,-,-,-,-,-,-,-,-,-,-,-,-,-,-,40,16,24,25,0,15,0,8,0,2,0,11,348,40,16,24,36,0,18,0,8,0,10,0,8,348,40,16,24,39,0,17,0,7,0,15,0,8,348,40,16,24,40,0,16,0,8,0,16,0,12,348,40,16,24,38,0,15,0,9,0,14,0,13,40,16,24,37,0,18,-,7,-,12,-,10
柴崎,-,-,-,-,-,-,-,-,-,-,-,-,-,-,-,-,-,-,-,-,-,-,-,-,-,-,-,-,-,-,-,-,-,-,-,-,-,-,-,-,-,-,-,-,-,-,-,-,-,-,-,-,76,28,48,75,0,28,0,15,0,32,0,18,603,76,28,48,75,0,28,0,15,0,32,0,20,603,105,42,63,98,0,42,0,21,0,35,0,21,105,42,63,99,1,42,1,21,-,36,-,19
市外委託児数の計,-,-,-,70,-,25,-,19,-,26,-,-,-,-,-,-,79,-,32,-,9,-,38,-,-,-,-,-,-,77,-,25,-,18,-,34,-,-,-,-,-,-,64,-,15,-,17,-,32,-,-,-,-,-,-,77,0,24,-,14,-,39,-,-,-,-,-,-,101,-,27,-,19,-,55,-,-,-,-,-,-,76,-,21,-,12,-,43,-,-,-,-,-,66,-,19,-,8,-,39,-,-
　市外委託児数(公立）,-,-,-,4,-,1,-,0,-,3,-,-,-,-,-,-,4,-,0,-,0,-,4,-,-,-,-,-,-,6,-,3,-,1,-,2,-,-,-,-,-,-,6,-,1,-,2,-,3,-,-,-,-,-,-,1,0,0,-,1,-,0,-,-,-,-,-,-,4,-,1,-,1,-,2,-,-,-,-,-,-,6,-,2,-,1,-,3,-,-,-,-,-,6,-,2,-,1,-,3,-,-
　市外委託児数（私立）,-,-,-,66,-,24,-,19,-,23,-,-,-,-,-,-,75,-,32,-,9,-,34,-,-,-,-,-,-,71,-,22,-,17,-,32,-,-,-,-,-,-,58,-,14,-,15,-,29,-,-,-,-,-,-,76,0,24,-,13,-,39,-,-,-,-,-,-,97,-,26,-,18,-,53,-,-,-,-,-,-,70,-,19,-,11,-,40,-,-,-,-,-,60,-,17,-,7,-,36,-,-
,,,,,,,,,,,,,,,,,,,,,,,,,,,,,,,,,,,,,,,,,,,,,,,,,,,,,,,,,,,,,,,,,,,,,,,,,,,,,,,,,,,,,,,,,,,,,,,,,,,,,,
資料：子ども家庭部保育課,,,,,,,,,,,,,,,,,,,,,,,,,,,,,,,,,,,,,,,,,,,,,,,,,,,,,,,,,,,,,,,,,,,,,,,,,,,,,,,,,,,,,,,,,,,,,,,,,,,,,,
注1：幼保連携認定こども園（保育認定）を含む。,,,,,,,,,,,,,,,,,,,,,,,,,,,,,,,,,,,,,,,,,,,,,,,,,,,,,,,,,,,,,,,,,,,,,,,,,,,,,,,,,,,,,,,,,,,,,,,,,,,,,,
注2：西国立には西国立保育園分園20人を含む。,,,,,,,,,,,,,,,,,,,,,,,,,,,,,,,,,,,,,,,,,,,,,,,,,,,,,,,,,,,,,,,,,,,,,,,,,,,,,,,,,,,,,,,,,,,,,,,,,,,,,,
注3：たかのみちにはたかのみち保育園分園30人、たかのみち保育園さかえ分園30人を含む。,,,,,,,,,,,,,,,,,,,,,,,,,,,,,,,,,,,,,,,,,,,,,,,,,,,,,,,,,,,,,,,,,,,,,,,,,,,,,,,,,,,,,,,,,,,,,,,,,,,,,,
注4：愛光第五には、サンクレール分園39人を含む。,,,,,,,,,,,,,,,,,,,,,,,,,,,,,,,,,,,,,,,,,,,,,,,,,,,,,,,,,,,,,,,,,,,,,,,,,,,,,,,,,,,,,,,,,,,,,,,,,,,,,,
